,Name,ReleaseDate,Price,Copies Sold,Gross Revenue,Average Playtime (Hrs),PublisherClass,Publishers,Developers,Review Count,Review Score,Steam Followers,Early Access,Steam Id,Tags
,Black Myth: Wukong,8/19/2024,$59.99,"21,836,817.00","$951,505,160.00",60.4,AAA,Game Science,Game Science,810005,96%,1231945,FALSE,2358720,"[""Mythology"",""Action RPG"",""Action"",""Souls-like"",""RPG"",""Combat"",""Story Rich"",""Singleplayer"",""Drama"",""Action-Adventure"",""Dark Fantasy"",""Atmospheric"",""Adventure"",""3D"",""Fantasy"",""Hack and Slash"",""Third Person"",""Difficult"",""Music"",""Violent""]"
,HELLDIVERS 2,2/8/2024,$39.99,"12,410,685.00","$443,622,746.00",63.4,AAA,PlayStation Publishing LLC,Arrowhead Game Studios,701449,75%,382242,FALSE,553850,"[""Online Co-Op"",""PvE"",""Multiplayer"",""Third-Person Shooter"",""Action"",""Shooter"",""Co-op"",""Sci-fi"",""Capitalism"",""Space"",""Extraction Shooter"",""Third Person"",""Comedy"",""Gore"",""Violent"",""Great Soundtrack"",""Difficult"",""Psychological Horror"",""Singleplayer"",""Open World""]"
,Palworld,1/18/2024,$29.99,"18,567,241.00","$435,465,541.00",63.4,AA,Pocketpair,Pocketpair,304668,94%,561395,TRUE,1623730,"[""Open World"",""Survival"",""Creature Collector"",""Multiplayer"",""Open World Survival Craft"",""Crafting"",""Co-op"",""Adventure"",""Sandbox"",""Third-Person Shooter"",""Automation"",""Action"",""RPG"",""Early Access"",""Anime"",""PvE"",""3D"",""Indie"",""Looter Shooter"",""Hack and Slash""]"
,"Warhammer 40,000: Space Marine 2",9/9/2024,$59.99,"2,709,725.00","$142,612,930.00",28.2,AAA,Focus Entertainment,Saber Interactive,105554,83%,253351,FALSE,2183900,"[""Warhammer 40K"",""Action"",""Third-Person Shooter"",""Multiplayer"",""Co-op"",""PvE"",""Adventure"",""Action-Adventure"",""Third Person"",""Wargame"",""Sci-fi"",""3D"",""Fantasy"",""War"",""Space"",""Narration"",""Singleplayer"",""Realistic"",""Cinematic"",""Futuristic""]"
,Path of Exile 2,12/6/2024,$29.99,"5,015,358.00","$135,369,527.00",69.1,AA,Grinding Gear Games,Grinding Gear Games,79497,81%,111828,TRUE,2694490,"[""Action RPG"",""Hack and Slash"",""Souls-like"",""Action"",""RPG"",""Dark Fantasy"",""Isometric"",""Loot"",""Dungeon Crawler"",""Adventure"",""MMORPG"",""Free to Play"",""Multiplayer"",""Online Co-Op"",""Crafting"",""Character Customization"",""Horror"",""Inventory Management"",""Early Access"",""Dark""]"
,The First Descendant,6/30/2024,$0.00,"3,772,982.00","$113,736,614.00",83.6,AA,NEXON,"NEXON Games Co., Ltd.",96987,57%,256564,FALSE,2074920,"[""Free to Play"",""Sexual Content"",""Looter Shooter"",""Multiplayer"",""Third-Person Shooter"",""RPG"",""Online Co-Op"",""Action"",""Shooter"",""Third Person"",""Action RPG"",""Singleplayer"",""Adventure"",""Character Customization"",""Co-op"",""Sci-fi"",""PvE"",""Story Rich"",""Combat"",""Violent""]"
,Dragon's Dogma 2,3/21/2024,$69.99,"1,902,348.00","$112,065,398.00",41.9,AAA,"CAPCOM Co., Ltd.","CAPCOM Co., Ltd.",67982,61%,207097,FALSE,2054970,"[""Open World"",""RPG"",""Action RPG"",""Fantasy"",""Action"",""Singleplayer"",""Adventure"",""Dragons"",""Action-Adventure"",""Magic"",""Medieval"",""Character Customization"",""Swordplay"",""Third Person"",""Physics"",""Artificial Intelligence"",""Lore-Rich"",""Multiplayer"",""3D"",""PvE""]"
,THRONE AND LIBERTY,10/1/2024,$0.00,"3,623,786.00","$98,651,549.00",87.2,AAA,Amazon Games,NCSOFT,58061,69%,137410,FALSE,2429640,"[""MMORPG"",""Free to Play"",""Massively Multiplayer"",""RPG"",""Open World"",""Fantasy"",""PvP"",""Character Customization"",""PvE"",""Action"",""Adventure"",""Multiplayer"",""Third Person"",""Exploration"",""Action-Adventure"",""Online Co-Op"",""Combat"",""Crafting"",""Co-op"",""Emotional""]"
,EA SPORTS FC 25,9/26/2024,$69.99,"1,947,520.00","$94,133,393.00",76.1,AAA,Electronic Arts,EA Canada & EA Romania,36830,47%,41689,FALSE,2669320,"[""Sports"",""Simulation"",""Football (Soccer)"",""Controller"",""Multiplayer"",""eSports"",""Competitive"",""Local Co-Op"",""Family Friendly"",""Local Multiplayer"",""Online Co-Op"",""Singleplayer"",""Modern"",""PvP"",""Realistic"",""Co-op"",""Soundtrack"",""Split Screen"",""Free to Play"",""LGBTQ+""]"
,Call of Duty: Black Ops 6,10/23/2024,$69.99,"1,405,351.00","$86,828,933.00",0,AAA,Activision,"Treyarch,Raven Software,Beenox,High Moon Studios,Activision Shanghai,Sledgehammer Games,Infinity Ward,Demonware",9433,51%,,FALSE,2933620,"[""Action"",""Multiplayer"",""Shooter"",""FPS"",""Singleplayer"",""First-Person"",""Military"",""PvP"",""War"",""Capitalism"",""Violent"",""Gore"",""Story Rich"",""Co-op"",""Artificial Intelligence"",""Realistic"",""PvE"",""Online Co-Op"",""Open World"",""Romance""]"
,DRAGON BALL: Sparking! ZERO,10/10/2024,$69.99,"1,337,814.00","$83,549,731.00",33.2,AAA,Bandai Namco Entertainment,"Spike Chunsoft Co., Ltd.",42071,91%,162124,FALSE,1790600,"[""Anime"",""Action"",""Multiplayer"",""3D Fighter"",""Local Multiplayer"",""Fighting"",""PvP"",""Combat"",""Martial Arts"",""Singleplayer"",""Competitive"",""3D"",""Physics"",""Third Person"",""2.5D"",""Co-op"",""PvE"",""Open World"",""Action-Adventure"",""Spectacle fighter""]"
,Granblue Fantasy: Relink,1/31/2024,$59.99,"1,722,393.00","$77,873,706.00",32,AA,"Cygames, Inc.","Cygames, Inc.",33937,89%,138271,FALSE,881020,"[""Anime"",""JRPG"",""Action RPG"",""Action"",""Online Co-Op"",""Multiplayer"",""Fantasy"",""RPG"",""Female Protagonist"",""Third Person"",""Singleplayer"",""Spectacle fighter"",""3D"",""Hack and Slash"",""Controller"",""Magic"",""Swordplay"",""Dragons"",""PvE"",""Tutorial""]"
,S.T.A.L.K.E.R. 2: Heart of Chornobyl,11/20/2024,$59.99,"1,383,930.00","$72,957,618.00",45.1,AA,"GSC Game World (worldwide),SEGA (Japan),4divinity (China and South East Asia)",GSC Game World,76615,83%,238028,FALSE,1643320,"[""Open World"",""FPS"",""Post-apocalyptic"",""Survival"",""Atmospheric"",""Singleplayer"",""Shooter"",""Exploration"",""RPG"",""Story Rich"",""Action"",""First-Person"",""Lore-Rich"",""Nonlinear"",""Sci-fi"",""Multiple Endings"",""Choices Matter"",""Immersive Sim"",""Realistic"",""Cinematic""]"
,Ghost of Tsushima DIRECTOR'S CUT,5/16/2024,$59.99,"1,393,308.00","$72,815,278.00",45.1,AAA,PlayStation Publishing LLC,"Sucker Punch Productions,Nixxes Software",35821,93%,154404,FALSE,2215430,"[""Action"",""Open World"",""Adventure"",""Story Rich"",""Singleplayer"",""Stealth"",""Combat"",""Third Person"",""Ninja"",""Action-Adventure"",""Action RPG"",""Multiplayer"",""Souls-like"",""Historical"",""Gore"",""Violent"",""Atmospheric"",""Online Co-Op"",""Exploration"",""Co-op""]"
,Manor Lords,4/26/2024,$39.99,"2,686,866.00","$72,565,423.00",42.8,AA,Hooded Horse,Slavic Magic,54934,87%,491152,TRUE,1363080,"[""Strategy"",""City Builder"",""Simulation"",""Base Building"",""Management"",""Building"",""Grand Strategy"",""Sandbox"",""Historical"",""Open World"",""RTS"",""Moddable"",""Singleplayer"",""4X"",""Replay Value"",""Real-Time with Pause"",""Resource Management"",""Economy"",""Colony Sim"",""Early Access""]"
,Enshrouded,1/24/2024,$29.99,"2,952,652.00","$72,293,952.00",48.9,AA,Keen Games GmbH,Keen Games GmbH,60354,86%,303362,TRUE,1203620,"[""Open World"",""Survival"",""Base Building"",""Multiplayer"",""Online Co-Op"",""Crafting"",""RPG"",""Action RPG"",""Adventure"",""Building"",""Exploration"",""Singleplayer"",""Fantasy"",""Character Customization"",""Sandbox"",""Early Access"",""PvE"",""Action"",""3D"",""Indie""]"
,Once Human,7/9/2024,$0.00,"5,327,782.00","$60,497,609.00",67.2,AA,Starry Studio,Starry Studio,116147,73%,218372,FALSE,2139460,"[""Multiplayer"",""Open World Survival Craft"",""Survival"",""Strategy"",""Horror"",""Open World"",""Co-op"",""Simulation"",""Free to Play"",""Shooter"",""Base Building"",""Post-apocalyptic"",""Action"",""Adventure"",""Online Co-Op"",""Strategy RPG"",""MMORPG"",""3D"",""RPG"",""Singleplayer""]"
,TEKKEN 8,1/25/2024,$69.99,"886,406.00","$52,640,714.00",69.9,AAA,Bandai Namco Entertainment,Bandai Namco Studios Inc.,28268,70%,87418,FALSE,1778820,"[""Fighting"",""3D Fighter"",""Action"",""Multiplayer"",""eSports"",""Local Multiplayer"",""Arcade"",""PvP"",""Singleplayer"",""Competitive"",""Casual"",""Martial Arts"",""Character Customization"",""Great Soundtrack"",""Anime"",""Difficult"",""Controller"",""Story Rich"",""Sexual Content"",""Nudity""]"
,Hades II,5/6/2024,$29.99,"1,743,756.00","$44,851,833.00",34.6,AA,Supergiant Games,Supergiant Games,55263,94%,224902,TRUE,1145350,"[""Action"",""Roguelike"",""Roguelite"",""Hack and Slash"",""RPG"",""Action Roguelike"",""Dungeon Crawler"",""Action RPG"",""Mythology"",""Isometric"",""Hand-drawn"",""Story Rich"",""Atmospheric"",""Singleplayer"",""Female Protagonist"",""Souls-like"",""Indie"",""Early Access"",""Perma Death"",""LGBTQ+""]"
,Persona 3 Reload,2/1/2024,$69.99,"802,811.00","$42,908,522.00",61,AAA,SEGA,ATLUS,24725,95%,85437,FALSE,2161700,"[""JRPG"",""RPG"",""Anime"",""Party-Based RPG"",""Turn-Based Strategy"",""Adventure"",""Strategy"",""Dating Sim"",""Story Rich"",""Dark"",""Emotional"",""Strategy RPG"",""Visual Novel"",""Turn-Based Combat"",""Colorful"",""Great Soundtrack"",""Supernatural"",""Mystery"",""Detective"",""Multiple Endings""]"
,Marvel Rivals,12/5/2024,$0.00,"14,067,804.00","$41,866,407.00",27.1,AA,NetEase Games,NetEase Games,131565,80%,123227,FALSE,2767030,"[""Free to Play"",""Multiplayer"",""Hero Shooter"",""Third-Person Shooter"",""Superhero"",""Action"",""PvP"",""Team-Based"",""Competitive"",""Shooter"",""Strategy"",""3D"",""Co-op"",""Online Co-Op"",""Sci-fi"",""Third Person"",""MOBA"",""FPS"",""Sexual Content"",""Cyberpunk""]"
,Dragon Age: The Veilguard,10/31/2024,$59.99,"766,092.00","$41,033,257.00",56,AAA,Electronic Arts,BioWare,31853,70%,84861,FALSE,1845910,"[""LGBTQ+"",""Fantasy"",""Singleplayer"",""RPG"",""Politics"",""Strategy"",""Action RPG"",""CRPG"",""Turn-Based Tactics"",""Character Customization"",""Action"",""Third Person"",""Adventure"",""Dragons"",""Magic"",""Romance"",""Story Rich"",""Multiple Endings"",""Lore-Rich"",""Choices Matter""]"
,Gray Zone Warfare,4/30/2024,$34.99,"1,152,496.00","$37,867,435.00",41.5,Indie,"MADFINGER Games, a.s.","MADFINGER Games, a.s.",49630,66%,208364,TRUE,2479810,"[""Realistic"",""Military"",""FPS"",""Extraction Shooter"",""Open World"",""Survival"",""Tactical"",""Shooter"",""Multiplayer"",""PvE"",""PvP"",""First-Person"",""Massively Multiplayer"",""Co-op"",""Gun Customization"",""Early Access"",""Exploration"",""Action"",""Adventure"",""Modern""]"
,Farming Simulator 25,11/12/2024,$49.99,"814,093.00","$37,573,662.00",51.4,AA,Giants Software,Giants Software,16375,82%,36643,FALSE,2300320,"[""Simulation"",""Farming Sim"",""Realistic"",""Immersive Sim"",""3D"",""First-Person"",""Time Management"",""Economy"",""Third Person"",""Building"",""Multiplayer"",""Atmospheric"",""Management"",""Nature"",""Relaxing"",""Online Co-Op"",""Physics"",""Farming"",""Singleplayer"",""Moddable""]"
,Metaphor: ReFantazio,10/10/2024,$69.99,"610,178.00","$34,956,196.00",57.3,AAA,SEGA,ATLUS,15987,91%,70831,FALSE,2679460,"[""RPG"",""JRPG"",""Anime"",""Turn-Based Combat"",""Adventure"",""Story Rich"",""Time Management"",""Singleplayer"",""Turn-Based Strategy"",""Dark Fantasy"",""Action RPG"",""Party-Based RPG"",""Fantasy"",""Third Person"",""Colorful"",""Strategy RPG"",""Strategy"",""Choose Your Own Adventure"",""Turn-Based Tactics"",""Hack and Slash""]"
,NBA 2K25,9/3/2024,$69.99,"782,549.00","$34,401,438.00",86.4,AAA,2K,Visual Concepts,11114,59%,23123,FALSE,2878980,"[""Sports"",""Basketball"",""Simulation"",""eSports"",""3D"",""Management"",""PvP"",""Immersive Sim"",""Character Customization"",""Controller"",""Team-Based"",""Trading"",""Deckbuilding"",""Co-op"",""Local Co-Op"",""Local Multiplayer"",""Multiplayer"",""Online Co-Op"",""Singleplayer"",""4 Player Local""]"
,Horizon Forbidden West Complete Edition,3/21/2024,$59.99,"608,346.00","$31,470,257.00",63.7,AAA,PlayStation Publishing LLC,"Guerrilla,Nixxes Software",13496,89%,104759,FALSE,2420110,"[""Singleplayer"",""Open World"",""Female Protagonist"",""Action"",""RPG"",""Exploration"",""Post-apocalyptic"",""Story Rich"",""Third Person"",""Sci-fi"",""Robots"",""Action RPG"",""Adventure"",""LGBTQ+"",""Atmospheric"",""Great Soundtrack"",""Controller"",""Action-Adventure"",""Stealth"",""Multiplayer""]"
,Like a Dragon: Infinite Wealth,1/25/2024,$69.99,"543,864.00","$29,042,856.00",59.9,AAA,SEGA,Ryu Ga Gotoku Studio,11958,91%,45061,FALSE,2072450,"[""Action"",""JRPG"",""Adventure"",""Turn-Based Combat"",""Sexual Content"",""Comedy"",""Story Rich"",""Emotional"",""Funny"",""Singleplayer"",""Action RPG"",""Violent"",""Turn-Based"",""Action-Adventure"",""RPG"",""Beat 'em up"",""Martial Arts"",""Gore"",""Colorful"",""Great Soundtrack""]"
,,2/20/2024,$14.99,"2,309,673.00","$29,008,254.00",62.3,AA,Playstack,LocalThunk,89920,98%,55642,FALSE,2379780,"[""Roguelike Deckbuilder"",""Card Game"",""Roguelike"",""Deckbuilding"",""Singleplayer"",""Strategy"",""Replay Value"",""Pixel Graphics"",""Turn-Based"",""Card Battler"",""Roguelite"",""Choices Matter"",""Casual"",""Difficult"",""Turn-Based Strategy"",""2D"",""Relaxing"",""Arcade"",""Simulation"",""Procedural Generation""]"
,Supermarket Simulator,2/20/2024,$12.99,"2,810,539.00","$28,815,898.00",21.3,Indie,Nokta Games,Nokta Games,57919,93%,98162,TRUE,2670630,"[""Simulation"",""Management"",""Economy"",""Multiplayer"",""Singleplayer"",""Trading"",""Immersive Sim"",""First-Person"",""Life Sim"",""Building"",""Capitalism"",""Resource Management"",""3D"",""Sandbox"",""Realistic"",""Casual"",""Inventory Management"",""Early Access"",""Indie"",""Driving""]"
,SILENT HILL 2,10/7/2024,$69.99,"460,121.00","$28,194,592.00",13.1,AA,KONAMI,Bloober Team SA,24468,95%,99163,FALSE,2124490,"[""Psychological Horror"",""Horror"",""Survival Horror"",""Story Rich"",""Atmospheric"",""Remake"",""Psychological"",""Great Soundtrack"",""Singleplayer"",""Third Person"",""Multiple Endings"",""Adventure"",""Action"",""Exploration"",""Cinematic"",""Sexual Content"",""Violent"",""3D"",""Classic"",""Action-Adventure""]"
,God of War Ragnar,9/19/2024,$59.99,"530,551.00","$26,286,857.00",46.2,AAA,PlayStation Publishing LLC,"Santa Monica Studio,Jetpack Interactive",15204,85%,70060,FALSE,2322010,"[""Action"",""Adventure"",""Action-Adventure"",""RPG"",""Action RPG"",""Hack and Slash"",""Cinematic"",""Third Person"",""3D"",""Mythology"",""Atmospheric"",""Emotional"",""Drama"",""Fantasy"",""Story Rich"",""Combat"",""Singleplayer"",""Open World"",""Gore"",""PvE""]"
,Chained Together,6/19/2024,$4.99,"5,954,629.00","$23,994,004.00",6.9,Indie,Anegar Games,Anegar Games,41141,91%,65125,FALSE,2567870,"[""Co-op"",""Adventure"",""Casual"",""Platformer"",""Simulation"",""Puzzle Platformer"",""Action-Adventure"",""3D Platformer"",""Third Person"",""Exploration"",""Funny"",""Online Co-Op"",""Multiplayer"",""Mystery"",""Post-apocalyptic"",""Emotional"",""Physics"",""Surreal"",""Controller"",""Choices Matter""]"
,Bodycam,6/7/2024,$33.32,"734,147.00","$20,648,426.00",20.3,Indie,Reissad Studio,Reissad Studio,27226,74%,217324,TRUE,2406770,"[""Early Access"",""Strategy"",""FPS"",""Immersive Sim"",""Military"",""Horror"",""Shooter"",""PvP"",""VR"",""PvE"",""Survival"",""Stealth"",""First-Person"",""3D"",""Action-Adventure"",""Realistic"",""Surreal"",""Action"",""Tactical"",""Open World""]"
,TCG Card Shop Simulator,9/15/2024,$12.99,"1,737,576.00","$20,242,415.00",19.9,Indie,OPNeon Games,OPNeon Games,32922,97%,50161,TRUE,3070070,"[""Simulation"",""Management"",""Economy"",""Collectathon"",""Singleplayer"",""Capitalism"",""Early Access"",""Trading Card Game"",""Card Game"",""Trading"",""Immersive Sim"",""3D"",""Life Sim"",""Relaxing"",""First-Person"",""Casual"",""Shop Keeper"",""Co-op"",""Artificial Intelligence""]"
,FINAL FANTASY XVI,9/17/2024,$49.99,"435,205.00","$18,832,495.00",39.6,AA,Square Enix,Square Enix,11881,79%,49511,FALSE,2515020,"[""Action RPG"",""Spectacle fighter"",""Story Rich"",""JRPG"",""Action"",""Fantasy"",""RPG"",""Dark Fantasy"",""Singleplayer"",""Third Person"",""Cinematic"",""3D"",""Magic"",""Emotional"",""Drama"",""Atmospheric"",""Party-Based RPG"",""Great Soundtrack"",""Violent"",""Hack and Slash""]"
,Frostpunk 2,9/20/2024,$44.99,"509,831.00","$18,667,122.00",24.4,AA,11 bit studios,11 bit studios,14635,76%,166222,FALSE,1601580,"[""Strategy"",""City Builder"",""Survival"",""Resource Management"",""Post-apocalyptic"",""Simulation"",""Singleplayer"",""Steampunk"",""Sequel"",""Atmospheric"",""Management"",""Choices Matter"",""Base Building"",""Violent"",""Great Soundtrack"",""Political Sim"",""Snow"",""Politics"",""Colony Sim"",""Psychological Horror""]"
,Liar's Bar,10/2/2024,$6.99,"3,392,332.00","$18,328,172.00",9.7,Indie,Curve Animation,Curve Animation,36958,92%,68763,TRUE,3097560,"[""Early Access"",""Multiplayer"",""Casual"",""PvP"",""Co-op"",""Online Co-Op"",""Indie"",""Gambling"",""FPS"",""3D"",""Funny"",""First-Person"",""Dark"",""Puzzle"",""Tabletop"",""Horror"",""Board Game"",""Strategy"",""Gore"",""VR""]"
,No Rest for the Wicked,4/18/2024,$39.99,"608,362.00","$18,326,776.00",30.7,AA,Private Division,Moon Studios GmbH,26045,76%,128384,TRUE,1371980,"[""Early Access"",""Souls-like"",""Action"",""RPG"",""Action RPG"",""Exploration"",""Hack and Slash"",""Isometric"",""3D"",""Cinematic"",""Dark Fantasy"",""Colorful"",""Immersive Sim"",""Stylized"",""Atmospheric"",""Drama"",""Gothic"",""Supernatural"",""Character Customization"",""Combat""]"
,Summoners War,1/7/2024,$0.00,"664,385.00","$15,312,033.00",153.5,Indie,Com2uS,Com2uS,7759,70%,11655,FALSE,2426960,"[""Free to Play"",""RPG"",""Strategy"",""Turn-Based Strategy"",""Strategy RPG"",""RTS"",""Tactical RPG"",""Turn-Based Tactics"",""PvP"",""Real Time Tactics"",""PvE"",""Tutorial"",""Turn-Based Combat"",""Lore-Rich"",""Fantasy"",""Anime"",""Colorful"",""Multiplayer"",""Cinematic"",""Party-Based RPG""]"
,Lust Goddess,2/21/2024,$0.00,"571,077.00","$14,714,118.00",95.1,Indie,Pochemu LTD,Pochemu LTD,8622,56%,20716,FALSE,2808930,"[""Sexual Content"",""Nudity"",""Mature"",""Hentai"",""Free to Play"",""NSFW"",""Strategy"",""Card Game"",""Turn-Based Strategy"",""Card Battler"",""Multiplayer"",""Singleplayer"",""Turn-Based Tactics"",""Tactical"",""3D"",""RPG"",""Action"",""Adventure"",""Artificial Intelligence"",""Massively Multiplayer""]"
,F1 24,5/31/2024,$69.99,"322,110.00","$14,474,414.00",58.8,AAA,Electronic Arts,Codemasters,7791,73%,17329,FALSE,2488620,"[""Racing"",""Sports"",""Driving"",""Multiplayer"",""Automobile Sim"",""VR"",""Simulation"",""Early Access"",""Singleplayer"",""Competitive"",""Realistic"",""Co-op"",""Casual"",""Online Co-Op"",""PvP"",""Character Customization"",""Great Soundtrack"",""eSports"",""Action"",""Nudity""]"
,Microsoft Flight Simulator 2024,11/19/2024,$69.99,"223,425.00","$14,376,350.00",53.5,AAA,Xbox Game Studios,Asobo Studio,9743,44%,13094,FALSE,2537590,"[""Simulation"",""Flight"",""Realistic"",""VR"",""Hobby Sim"",""Multiplayer"",""Singleplayer"",""Atmospheric"",""Family Friendly"",""Sandbox"",""Exploration"",""Nature"",""Relaxing"",""Open World"",""Nonlinear"",""Immersive Sim"",""Character Customization"",""Physics"",""Colorful"",""Psychological Horror""]"
,MiSide,12/10/2024,$14.99,"1,122,833.00","$14,210,544.00",7.9,AA,"IndieArk,Shochiku (Japan)",AIHASTO,55410,98%,72763,FALSE,2527500,"[""Psychological Horror"",""Cute"",""Story Rich"",""Horror"",""First-Person"",""Singleplayer"",""3D"",""Atmospheric"",""Thriller"",""Adventure"",""Conversation"",""Drama"",""Puzzle"",""Simulation"",""Life Sim"",""RPG"",""2D"",""Action-Adventure"",""Hidden Object"",""Modern""]"
,Age of Mythology: Retold,9/4/2024,$29.99,"528,345.00","$13,667,560.00",42.6,AAA,Xbox Game Studios,"World's Edge,Forgotten Empires,Tantalus Media,CaptureAge,Virtuos Games",12910,90%,94444,FALSE,1934680,"[""Strategy"",""RTS"",""Mythology"",""Base Building"",""Action RTS"",""Fantasy"",""Multiplayer"",""Top-Down"",""Magic"",""Resource Management"",""Level Editor"",""Moddable"",""PvP"",""PvE"",""Singleplayer"",""Co-op"",""Story Rich"",""Online Co-Op"",""Real-Time"",""3D""]"
,DRAGON QUEST III HD-2D Remake,11/14/2024,$59.99,"246,482.00","$13,534,707.00",39,AA,Square Enix,"Square Enix,ARTDINK",2658,71%,10807,FALSE,2701660,"[""RPG"",""JRPG"",""Pixel Graphics"",""Singleplayer"",""Turn-Based Combat"",""Fantasy"",""Remake"",""2.5D"",""Cute"",""Story Rich"",""Party-Based RPG"",""1980s"",""Old School"",""Colorful"",""Combat"",""Turn-Based"",""Nostalgia"",""Lore-Rich"",""Emotional"",""Atmospheric""]"
,Content Warning,4/1/2024,$7.99,"1,973,025.00","$12,709,977.00",22.1,AA,Landfall,"Philip,thePetHen,Skog,Zorro,Wilnyl",48181,94%,83007,FALSE,2881650,"[""Online Co-Op"",""Horror"",""Multiplayer"",""Funny"",""First-Person"",""Exploration"",""Psychological Horror"",""Co-op"",""Survival Horror"",""Atmospheric"",""Dungeon Crawler"",""3D"",""Adventure"",""Supernatural"",""Time Management"",""Action-Adventure"",""Investigation"",""Sci-fi"",""Mystery"",""Procedural Generation""]"
,Indiana Jones and the Great Circle,12/8/2024,$69.99,"199,475.00","$12,565,129.00",21,AAA,Bethesda Softworks,MachineGames,5508,91%,79978,FALSE,2677660,"[""Action-Adventure"",""First-Person"",""Puzzle"",""Story Rich"",""Singleplayer"",""Adventure"",""Exploration"",""Historical"",""Action"",""Stealth"",""World War II"",""Investigation"",""Open World"",""3D Platformer"",""Platformer"",""3D"",""Realistic"",""Political"",""Immersive Sim"",""Politics""]"
,Shin Megami Tensei V: Vengeance,6/13/2024,$59.99,"256,221.00","$12,231,930.00",40,AAA,SEGA,ATLUS,5197,93%,35461,FALSE,1875830,"[""JRPG"",""RPG"",""Story Rich"",""Demons"",""Adventure"",""Choices Matter"",""Exploration"",""Anime"",""Turn-Based Strategy"",""Third Person"",""3D"",""Atmospheric"",""Dark"",""Multiple Endings"",""Turn-Based"",""Difficult"",""Creature Collector"",""Destruction"",""Singleplayer"",""Post-apocalyptic""]"
,Dark and Darker,6/7/2024,$0.00,"2,998,487.00","$12,162,248.00",82.3,Indie,IRONMACE,IRONMACE,61306,71%,206386,TRUE,2016590,"[""Early Access"",""Dungeon Crawler"",""Multiplayer"",""Loot"",""Medieval"",""PvP"",""RPG"",""Battle Royale"",""PvE"",""Online Co-Op"",""First-Person"",""Extraction Shooter"",""Fantasy"",""Survival"",""Class-Based"",""Magic"",""Exploration"",""Swordplay"",""Team-Based"",""Dark""]"
,Abiotic Factor,5/2/2024,$24.99,"611,382.00","$11,964,802.00",40.5,AA,Playstack,Deep Field Games,18330,96%,80246,TRUE,427410,"[""Survival"",""Online Co-Op"",""Open World Survival Craft"",""Crafting"",""Early Access"",""Base Building"",""Sci-fi"",""Co-op Campaign"",""Exploration"",""Multiplayer"",""FPS"",""Sandbox"",""First-Person"",""Building"",""Science"",""Simulation"",""PvE"",""Aliens"",""Immersive Sim"",""Adventure""]"
,Pacific Drive,2/21/2024,$29.99,"532,378.00","$11,931,753.00",24.6,Indie,Kepler Interactive,Ironwood Studios,14122,83%,97489,FALSE,1458140,"[""Story Rich"",""Survival"",""Driving"",""Exploration"",""Survival Horror"",""Sci-fi"",""Crafting"",""Adventure"",""Atmospheric"",""Action"",""First-Person"",""Post-apocalyptic"",""Transportation"",""Base Building"",""3D"",""Sandbox"",""Simulation"",""Investigation"",""Action-Adventure"",""Building""]"
,Dead Island 2,4/22/2024,$49.99,"389,380.00","$11,544,695.00",24.9,AA,Deep Silver,Dambuster Studios,7861,76%,40613,FALSE,934700,"[""Co-op"",""Zombies"",""Gore"",""First-Person"",""Action-Adventure"",""Post-apocalyptic"",""Adventure"",""Horror"",""Dark"",""Action RPG"",""Crafting"",""FPS"",""Controller"",""Dark Humor"",""Action"",""PvE"",""Character Customization"",""Combat"",""Hack and Slash"",""Survival Horror""]"
,Deep Rock Galactic: Survivor,2/14/2024,$12.99,"1,433,998.00","$11,004,884.00",43,Indie,Ghost Ship Publishing,Funday Games,32509,86%,73874,TRUE,2321470,"[""Dwarf"",""Action Roguelike"",""Bullet Hell"",""Roguelite"",""Top-Down Shooter"",""PvE"",""Arena Shooter"",""Top-Down"",""Procedural Generation"",""Action"",""Arcade"",""Sci-fi"",""Space"",""Score Attack"",""Singleplayer"",""Aliens"",""Atmospheric"",""Combat"",""Early Access"",""Dark""]"
,Planet Coaster 2,11/6/2024,$49.99,"239,056.00","$10,890,230.00",34.2,AA,Frontier Developments,Frontier Developments,6516,60%,21631,FALSE,2688950,"[""Simulation"",""Strategy"",""Sandbox"",""Building"",""City Builder"",""God Game"",""3D"",""Singleplayer"",""Economy"",""Realistic"",""Online Co-Op"",""Colorful"",""Atmospheric"",""Management"",""Family Friendly"",""Funny"",""Relaxing"",""Asynchronous Multiplayer"",""Multiplayer""]"
,Nightingale,2/20/2024,$29.99,"440,591.00","$10,396,573.00",63.7,Indie,Inflexion Games,Inflexion Games,13418,66%,177822,TRUE,1928980,"[""Early Access"",""Multiplayer"",""Open World Survival Craft"",""Survival"",""Open World"",""Online Co-Op"",""Building"",""Crafting"",""Co-op"",""Base Building"",""Exploration"",""Adventure"",""RPG"",""First-Person"",""Action"",""Singleplayer"",""PvE"",""Fantasy"",""Realistic"",""Procedural Generation""]"
,Suicide Squad: Kill the Justice League,2/2/2024,$69.99,"368,368.00","$10,028,960.00",12.5,AAA,Warner Bros. Games,Rocksteady Studios,9378,63%,42011,FALSE,315210,"[""Capitalism"",""Online Co-Op"",""Superhero"",""LGBTQ+"",""Third-Person Shooter"",""Looter Shooter"",""Action"",""Multiplayer"",""Open World"",""PvE"",""Villain Protagonist"",""Third Person"",""Shooter"",""Political"",""Psychological Horror"",""Violent"",""Singleplayer"",""Comic Book"",""Politics"",""Casual""]"
,EARTH DEFENSE FORCE 6,7/25/2024,$59.99,"197,046.00","$9,989,793.00",72.9,Indie,D3PUBLISHER,SANDLOT,5288,65%,18943,FALSE,2291060,"[""Action"",""Third-Person Shooter"",""Shooter"",""Online Co-Op"",""3D"",""Sci-fi"",""PvE"",""Singleplayer"",""Multiplayer"",""Co-op"",""Local Co-Op"",""Gore"",""Local Multiplayer"",""Violent"",""Mechs"",""Anime"",""Hentai""]"
,Nine Sols,5/28/2024,$29.99,"406,040.00","$9,855,943.00",26.7,Indie,RedCandleGames,RedCandleGames,19400,95%,61011,FALSE,1809540,"[""Metroidvania"",""Souls-like"",""Action"",""Difficult"",""Platformer"",""2D"",""Hand-drawn"",""Atmospheric"",""Adventure"",""Cats"",""Story Rich"",""Dark Fantasy"",""Gore"",""Sci-fi"",""Indie"",""Mythology"",""Singleplayer"",""Martial Arts"",""Action-Adventure"",""Comic Book""]"
,Crime Scene Cleaner,8/14/2024,$19.99,"619,996.00","$9,617,145.00",14,Indie,"President Studio,PlayWay S.A.",President Studio,15488,97%,44791,FALSE,1040200,"[""Simulation"",""Crime"",""Gore"",""Singleplayer"",""First-Person"",""Mature"",""Relaxing"",""Action"",""Atmospheric"",""Adventure"",""Funny"",""Realistic"",""Exploration"",""Indie"",""Life Sim"",""Stealth"",""Walking Simulator"",""Heist"",""Violent"",""Hacking""]"
,WWE 2K24,3/7/2024,$59.99,"212,428.00","$9,492,997.00",50.8,AAA,2K,Visual Concepts,4616,74%,10739,FALSE,2315690,"[""Sports"",""Simulation"",""Wrestling"",""Fighting"",""Character Customization"",""Singleplayer"",""PvP"",""Co-op"",""Local Co-Op"",""Multiplayer"",""Online Co-Op"",""Controller"",""Local Multiplayer"",""Casual"",""3D Fighter"",""3D"",""Realistic"",""Sandbox"",""Sexual Content""]"
,Bellwright,4/23/2024,$29.99,"352,109.00","$9,242,602.00",67,Indie,"Donkey Crew,Snail Games USA",Donkey Crew,9430,79%,124382,TRUE,1812450,"[""Survival"",""Open World"",""Crafting"",""Medieval"",""City Builder"",""Online Co-Op"",""Simulation"",""Multiplayer"",""Building"",""RPG"",""Strategy"",""Life Sim"",""Exploration"",""Co-op"",""Action"",""Singleplayer"",""Early Access"",""Third Person"",""War"",""3D""]"
,KINGDOM HEARTS -HD 1.5+2.5 ReMIX-,6/13/2024,$49.99,"266,657.00","$9,217,996.00",53.8,AA,Square Enix,Square Enix,5652,82%,23983,FALSE,2552430,"[""Action"",""Adventure"",""RPG"",""JRPG"",""Action-Adventure"",""Great Soundtrack"",""Emotional"",""3D"",""Story Rich"",""Fantasy"",""Singleplayer"",""Colorful"",""Magic"",""Atmospheric"",""Cute"",""Action RPG"",""Anime"",""Character Action Game"",""Classic"",""Hack and Slash""]"
,The Forever Winter,9/24/2024,$29.99,"324,697.00","$8,298,168.00",13.4,Indie,Fun Dog Studios,Fun Dog Studios,14823,72%,112673,TRUE,2828860,"[""Early Access"",""Extraction Shooter"",""PvE"",""Looter Shooter"",""Post-apocalyptic"",""Third-Person Shooter"",""Horror"",""Difficult"",""Shooter"",""Dystopian"",""Third Person"",""Gun Customization"",""Choices Matter"",""Mechs"",""Character Customization"",""Sci-fi"",""Action"",""Tactical"",""Team-Based"",""Stylized""]"
,Soulmask,5/30/2024,$29.99,"349,057.00","$8,105,986.00",113.8,Indie,Qooland Games,CampFire Studio,10885,79%,89503,TRUE,2646460,"[""Early Access"",""Survival"",""Multiplayer"",""Open World Survival Craft"",""Open World"",""Sandbox"",""Building"",""Base Building"",""Crafting"",""Third Person"",""Exploration"",""Action-Adventure"",""RPG"",""Singleplayer"",""Simulation"",""Adventure"",""3D"",""Hunting"",""Massively Multiplayer"",""Realistic""]"
,Infection Free Zone,4/11/2024,$24.99,"436,999.00","$8,018,835.00",37.3,Indie,Games Operators,Jutsu Games,11217,77%,148622,TRUE,1465460,"[""Early Access"",""Base Building"",""Post-apocalyptic"",""City Builder"",""Strategy"",""Zombies"",""Management"",""Simulation"",""Outbreak Sim"",""RTS"",""Survival"",""Colony Sim"",""Sandbox"",""Immersive Sim"",""Time Management"",""Singleplayer"",""3D"",""Minimalist"",""Atmospheric"",""Dark""]"
,ANIMAL WELL,5/9/2024,$24.99,"389,646.00","$7,931,707.00",11.6,Indie,Bigmode,Billy Basso,17067,96%,44810,FALSE,813230,"[""Exploration"",""Metroidvania"",""Puzzle"",""Puzzle Platformer"",""Pixel Graphics"",""Horror"",""Platformer"",""2D"",""Atmospheric"",""Adventure"",""Mystery"",""Action"",""Surreal"",""Relaxing"",""Nonlinear"",""Cute"",""Indie"",""Singleplayer"",""Controller"",""Retro""]"
,Sins of a Solar Empire II,8/15/2024,$49.99,"207,851.00","$7,930,976.00",29.6,Indie,Stardock Entertainment,"Ironclad Games Corporation,Stardock Entertainment",5036,85%,51238,FALSE,1575940,"[""Space"",""Strategy"",""4X"",""RTS"",""Sci-fi"",""Singleplayer"",""Multiplayer"",""Tactical"",""Co-op"",""Story Rich"",""PvE"",""PvP"",""Immersive Sim"",""Real-Time"",""3D"",""Base Building"",""Tutorial"",""Competitive"",""Choices Matter"",""Isometric""]"
,EA SPORTS Madden NFL 25,8/15/2024,$69.99,"153,125.00","$7,930,781.00",54.4,AAA,Electronic Arts,Tiburon,2306,53%,2583,FALSE,2582560,"[""Simulation"",""Strategy"",""Football (American)"",""Sports"",""Competitive"",""Sexual Content"",""Nudity"",""Nudity"",""LGBTQ+""]"
,SONIC X SHADOW GENERATIONS,10/24/2024,$49.99,"171,248.00","$7,895,162.00",11.3,AAA,SEGA,Sonic Team,7999,97%,20534,FALSE,2513280,"[""Action"",""3D Platformer"",""Platformer"",""Fast-Paced"",""Great Soundtrack"",""Singleplayer"",""3D"",""2D Platformer"",""Adventure"",""Soundtrack"",""Replay Value"",""Colorful"",""Family Friendly"",""Cartoony"",""2D"",""Score Attack"",""Quick-Time Events"",""Romance"",""Linear"",""Psychological Horror""]"
,GUNDAM BREAKER 4,8/28/2024,$59.99,"146,594.00","$7,868,932.00",67.7,AA,Bandai Namco Entertainment Inc.,"CRAFTS ・・MEISTER Co., Ltd",2865,75%,24467,FALSE,1672500,"[""Action"",""Robots"",""Hack and Slash"",""Mechs"",""RPG"",""Action RPG"",""3D"",""Co-op"",""Anime"",""Character Customization"",""Multiplayer"",""Singleplayer"",""Hentai""]"
,Legend of Mortal,6/14/2024,$19.99,"486,378.00","$7,358,656.00",25.2,Indie,"Paras Games,Obb Studio Inc.",Obb Studio Inc.,26610,78%,30406,FALSE,1859910,"[""RPG"",""Choices Matter"",""Multiple Endings"",""Replay Value"",""Lore-Rich"",""Martial Arts"",""Drama"",""Dating Sim"",""Singleplayer"",""Strategy"",""Funny"",""Narrative"",""Indie"",""Adventure"",""2D"",""Action"",""Sexual Content"",""Atmospheric"",""Tactical RPG"",""Retro""]"
,Red Dead Redemption,10/29/2024,$49.99,"169,670.00","$7,267,054.00",20,AAA,Rockstar Games,"Rockstar Games,Double Eleven",6907,93%,48919,FALSE,2668510,"[""Open World"",""Western"",""Story Rich"",""Singleplayer"",""Action"",""Zombies"",""Action-Adventure"",""Third-Person Shooter"",""Atmospheric"",""3D"",""Great Soundtrack"",""Third Person"",""Adventure"",""Shooter"",""Narration"",""Classic"",""Sexual Content"",""Gore"",""Blood"",""Nudity""]"
,Another Crab's Treasure,4/25/2024,$29.99,"302,451.00","$7,142,162.00",17.7,Indie,Aggro Crab,Aggro Crab,12046,95%,39953,FALSE,1887840,"[""Souls-like"",""3D Platformer"",""Funny"",""Action RPG"",""Nonlinear"",""Atmospheric"",""Cartoony"",""Third Person"",""Action-Adventure"",""RPG"",""Dark Humor"",""Dark Fantasy"",""Cute"",""3D"",""Open World"",""Lore-Rich"",""Underwater"",""Story Rich"",""Action"",""Beat 'em up""]"
,Buckshot Roulette,4/4/2024,$2.99,"3,080,600.00","$6,992,609.00",5.9,Indie,CRITICAL REFLEX,Mike Klubnika,71890,96%,48048,FALSE,2835570,"[""Multiplayer"",""Dark"",""Gambling"",""Horror"",""First-Person"",""Strategy"",""Singleplayer"",""Indie"",""3D"",""Psychological"",""Puzzle"",""Experimental"",""Action"",""Blood"",""Psychological Horror"",""Roguelike"",""Simulation"",""Surreal"",""FPS"",""Roguelite""]"
,Palia,3/25/2024,$0.00,"1,256,404.00","$6,384,774.00",82.1,Indie,Singularity 6 Corporation,Singularity 6 Corporation,23145,84%,53486,FALSE,2707930,"[""Free to Play"",""Multiplayer"",""Life Sim"",""Cozy"",""Farming Sim"",""Exploration"",""Casual"",""Crafting"",""Relaxing"",""Building"",""Cute"",""Mystery"",""Dating Sim"",""Online Co-Op"",""Nature"",""Simulation"",""Co-op"",""RPG"",""Atmospheric"",""Economy""]"
,Backpack Battles,3/8/2024,$12.99,"652,013.00","$6,166,790.00",62,Indie,"PlayWithFurcifer,IndieArk",PlayWithFurcifer,12584,90%,45869,TRUE,2427700,"[""Early Access"",""Auto Battler"",""Inventory Management"",""Strategy"",""PvP"",""Roguelike Deckbuilder"",""Asynchronous Multiplayer"",""Multiplayer"",""Indie"",""Tactical"",""Card Battler"",""Turn-Based"",""Loot"",""Combat"",""Roguelike"",""Replay Value"",""2D"",""Cute"",""Female Protagonist"",""Hand-drawn""]"
,Fields of Mistria,8/5/2024,$13.99,"463,143.00","$6,026,205.00",32.7,Indie,NPC Studio,NPC Studio,14202,98%,80815,TRUE,2142790,"[""Early Access"",""Farming Sim"",""RPG"",""Dating Sim"",""Simulation"",""Life Sim"",""Romance"",""Farming"",""Cute"",""Agriculture"",""Relaxing"",""Pixel Graphics"",""Anime"",""Sandbox"",""2D"",""Open World"",""Crafting"",""Building"",""Cooking"",""Mining""]"
,Homeworld 3,5/13/2024,$59.99,"113,267.00","$5,864,044.00",0,AA,Gearbox Publishing,Blackbird Interactive,4891,38%,91842,FALSE,1840080,"[""Space"",""RTS"",""Strategy"",""Sci-fi"",""Story Rich"",""Singleplayer"",""Multiplayer"",""Tactical"",""Co-op"",""Roguelike"",""Atmospheric"",""Combat"",""Female Protagonist"",""Real-Time"",""3D"",""Competitive"",""Isometric"",""Simulation"",""Roguelite"",""Management""]"
,LOCKDOWN Protocol,7/22/2024,$9.99,"700,569.00","$5,793,992.00",20.3,Indie,Mirage Creative Lab,Mirage Creative Lab,10009,88%,33530,TRUE,2780980,"[""Early Access"",""Multiplayer"",""Social Deduction"",""Conversation"",""Space"",""Action"",""Casual"",""Investigation"",""Sci-fi"",""Puzzle"",""First-Person"",""FPS"",""Real Time Tactics"",""PvP"",""Team-Based"",""Perma Death"",""3D"",""Strategy"",""Cute"",""Stylized""]"
,shapez 2,8/15/2024,$24.99,"311,967.00","$5,746,091.00",43.3,Indie,"tobspr Games,Gamera Games",tobspr Games,8913,98%,37415,TRUE,2162800,"[""Management"",""Strategy"",""Automation"",""Futuristic"",""Early Access"",""Building"",""Puzzle"",""Crafting"",""Simulation"",""Sandbox"",""Trains"",""Space"",""Transportation"",""Base Building"",""3D"",""Logic"",""Singleplayer"",""Casual"",""Relaxing"",""Procedural Generation""]"
,Pixel Gun 3D: PC Edition,4/2/2024,$0.00,"1,991,754.00","$5,699,690.00",30.2,Indie,Cubic Games Studio,Cubic Games Studio,34755,65%,35152,FALSE,2524890,"[""PvP"",""Pixel Graphics"",""Multiplayer"",""Shooter"",""FPS"",""Character Customization"",""Action"",""Combat"",""First-Person"",""Battle Royale"",""Arena Shooter"",""Singleplayer"",""Third-Person Shooter"",""Hero Shooter"",""Adventure"",""Lore-Rich"",""Colorful"",""Sniper"",""Voxel"",""Cartoony""]"
,Winter Memories,1/5/2024,$19.99,"454,934.00","$5,590,576.00",10.1,Indie,Kagura Games,Dojin Otome,8218,97%,40462,FALSE,2495450,"[""Sexual Content"",""Hentai"",""Mature"",""Nudity"",""NSFW"",""FPS"",""Pixel Graphics"",""RPG"",""Anime"",""Simulation"",""Casual"",""JRPG"",""Singleplayer"",""Cute"",""Dating Sim"",""Visual Novel"",""Shooter"",""Adventure"",""2D"",""RPGMaker""]"
,Tiny Glade,9/23/2024,$14.99,"456,947.00","$5,583,288.00",8.2,Indie,Pounce Light,Pounce Light,15859,97%,141320,FALSE,2198150,"[""Sandbox"",""Building"",""Cozy"",""Relaxing"",""Design & Illustration"",""Medieval"",""Cute"",""Procedural Generation"",""Family Friendly"",""Nature"",""Casual"",""Experimental"",""Top-Down"",""First-Person"",""Simulation"",""Colorful"",""Stylized"",""Singleplayer"",""Indie"",""Atmospheric""]"
,Witchfire,9/23/2024,$39.99,"159,693.00","$5,501,773.00",13,Indie,The Astronauts,The Astronauts,6500,93%,55909,TRUE,3156770,"[""FPS"",""Roguelite"",""Souls-like"",""Dark Fantasy"",""Extraction Shooter"",""Shooter"",""RPG"",""Early Access"",""PvE"",""Exploration"",""Action RPG"",""First-Person"",""Character Customization"",""Horror"",""Loot"",""Controller"",""Action"",""Narration"",""Roguelike"",""Singleplayer""]"
,STAR WARS: Battlefront Classic Collection,3/13/2024,$35.01,"163,672.00","$5,454,853.00",6.7,Indie,Aspyr,Aspyr,6956,21%,20005,FALSE,2446550,"[""Action"",""Space"",""Sci-fi"",""FPS"",""Shooter"",""Third-Person Shooter"",""Old School"",""3D"",""First-Person"",""Split Screen"",""Third Person"",""Aliens"",""Artificial Intelligence"",""Driving"",""Futuristic"",""Robots"",""Retro"",""Military"",""Tactical"",""War""]"
,Romancing SaGa 2: Revenge of the Seven,10/24/2024,$49.99,"127,815.00","$5,453,828.00",60.5,AA,Square Enix,"Square Enix,xeen Inc.",2425,95%,12248,FALSE,2455640,"[""JRPG"",""Tactical RPG"",""Party-Based RPG"",""3D"",""Controller"",""Story Rich"",""Lore-Rich"",""Fantasy"",""RPG"",""Third Person"",""Medieval"",""Class-Based"",""Remake"",""Singleplayer"",""Emotional"",""1990's"",""Anime"",""Turn-Based"",""Choices Matter"",""Romance""]"
,Norland,7/18/2024,$29.99,"262,607.00","$5,444,906.00",34.4,AA,Hooded Horse,Long Jaunt,5663,80%,91349,TRUE,1857090,"[""Strategy"",""Simulation"",""Base Building"",""City Builder"",""Colony Sim"",""Grand Strategy"",""Management"",""Building"",""Resource Management"",""Historical"",""Sandbox"",""RTS"",""Open World"",""Survival"",""Singleplayer"",""Real-Time with Pause"",""Moddable"",""Economy"",""Replay Value"",""Early Access""]"
,Senua Saga: Hellblade II,5/21/2024,$49.99,"129,734.00","$5,281,649.00",8.1,AAA,Xbox Game Studios,Ninja Theory,5562,87%,44674,FALSE,2461850,"[""Action-Adventure"",""Psychological Horror"",""Story Rich"",""Female Protagonist"",""Cinematic"",""Mythology"",""Dark"",""Action"",""Adventure"",""Atmospheric"",""Singleplayer"",""Third Person"",""Horror"",""Psychological"",""Walking Simulator"",""Dark Fantasy"",""Swordplay"",""Vikings"",""Realistic"",""Combat""]"
,ROMANCE OF THE THREE KINGDOMS 8 REMAKE,10/23/2024,$59.99,"97,263.00","$5,251,326.00",0,AA,"KOEI TECMO GAMES CO., LTD.","KOEI TECMO GAMES CO., LTD.",2287,50%,18999,FALSE,2288150,"[""Turn-Based Tactics"",""Wargame"",""Military"",""Immersive Sim"",""Diplomacy"",""Turn-Based Strategy"",""RTS"",""Strategy"",""Grand Strategy"",""Character Customization"",""Historical"",""Alternate History"",""Simulation"",""Story Rich"",""Tactical"",""Resource Management"",""Singleplayer"",""Replay Value"",""Addictive"",""Epic""]"
,"Little Kitty, Big City",5/9/2024,$24.99,"254,030.00","$5,092,022.00",6.4,Indie,Double Dagger Studio,Double Dagger Studio,6962,95%,56110,FALSE,1177980,"[""Cats"",""Cute"",""Wholesome"",""Exploration"",""Sandbox"",""Family Friendly"",""Cozy"",""Comedy"",""Funny"",""Simulation"",""Indie"",""3D"",""Cartoony"",""Singleplayer"",""Open World"",""Stylized"",""Colorful"",""Adventure"",""Nonlinear"",""3D Platformer""]"
,Aeons Echo,8/22/2024,$0.00,"158,032.00","$5,069,242.00",41.3,Indie,Nutaku Publishing,Aeons Studio,2032,76%,11131,FALSE,2832330,"[""Sexual Content"",""Hentai"",""Nudity"",""NSFW"",""Free to Play"",""Mature"",""Auto Battler"",""Dating Sim"",""Strategy"",""RPG"",""Turn-Based Tactics"",""2D"",""Turn-Based Strategy"",""Turn-Based"",""Tactical"",""Casual"",""Singleplayer"",""Futuristic"",""Mechs"",""Artificial Intelligence""]"
,Kebab Chefs! - Restaurant Simulator,1/19/2024,$17.99,"347,241.00","$5,049,719.00",18.4,Indie,Biotech Gameworks,Biotech Gameworks,5172,87%,17575,TRUE,1001270,"[""Early Access"",""Multiplayer"",""Simulation"",""Cooking"",""Management"",""Physics"",""Sandbox"",""Funny"",""Time Management"",""Immersive Sim"",""Building"",""FPS"",""Life Sim"",""Crafting"",""Character Customization"",""3D"",""Party-Based RPG"",""Co-op"",""First-Person"",""Open World""]"
,Mouthwashing,9/26/2024,$12.99,"433,728.00","$5,012,575.00",3.3,Indie,CRITICAL REFLEX,Wrong Organ,20800,96%,13750,FALSE,2475490,"[""Psychological Horror"",""Story Rich"",""Horror"",""Atmospheric"",""Retro"",""Psychological"",""Gore"",""Dark"",""Walking Simulator"",""Surreal"",""Thriller"",""Indie"",""Space"",""First-Person"",""Exploration"",""Mystery"",""Singleplayer"",""Narrative"",""Adventure"",""Dark Humor""]"
,Sky: Children of the Light,4/10/2024,$0.00,"725,926.00","$4,970,635.00",49.8,Indie,thatgamecompany,thatgamecompany,14735,88%,74502,TRUE,2325290,"[""Early Access"",""Cozy"",""MMORPG"",""Multiplayer"",""Relaxing"",""Adventure"",""Indie"",""Exploration"",""Massively Multiplayer"",""Puzzle"",""Emotional"",""Casual"",""Cute"",""Atmospheric"",""Online Co-Op"",""3D"",""RPG"",""Character Customization"",""Family Friendly"",""Fantasy""]"
,Le Mans Ultimate,2/20/2024,$37.99,"153,717.00","$4,963,388.00",41.5,Indie,Studio 397,Studio 397,5323,75%,19579,TRUE,2399420,"[""Racing"",""Automobile Sim"",""VR"",""Driving"",""Multiplayer"",""Realistic"",""Immersive Sim"",""Singleplayer"",""Early Access"",""PvP"",""Simulation""]"
,Outpost: Infinity Siege,3/26/2024,$24.99,"254,518.00","$4,894,536.00",63.7,AA,Lightning Games,Team Ranger,10784,67%,67932,FALSE,1566690,"[""Robots"",""3D"",""Base Building"",""Tower Defense"",""FPS"",""Resource Management"",""Co-op"",""Singleplayer"",""Post-apocalyptic"",""Sci-fi"",""Automation"",""Strategy"",""Looter Shooter"",""Military"",""Shooter"",""Open World"",""RTS"",""Survival"",""Crafting"",""Action""]"
,Apollo Justice: Ace Attorney Trilogy,1/24/2024,$49.99,"129,869.00","$4,850,150.00",50.9,AAA,"CAPCOM Co., Ltd.","CAPCOM Co., Ltd.",2058,91%,20530,FALSE,2187220,"[""Adventure"",""Visual Novel"",""Detective"",""Investigation"",""Anime"",""Mystery"",""Singleplayer"",""Crime"",""Story Rich"",""3D"",""Choose Your Own Adventure"",""Text-Based"",""Great Soundtrack"",""Point & Click"",""LGBTQ+"",""Hentai""]"
,The Lord of the Rings: Return to Moria,8/27/2024,$24.99,"259,927.00","$4,792,421.00",23.4,Indie,North Beach Games,Free Range Games,4963,83%,36727,FALSE,2933130,"[""Open World Survival Craft"",""Dwarf"",""Survival"",""Base Building"",""Exploration"",""Crafting"",""Building"",""Online Co-Op"",""Adventure"",""Action-Adventure"",""Open World"",""PvE"",""Sandbox"",""Multiplayer"",""RPG"",""Action"",""Character Customization"",""Third Person"",""Singleplayer"",""3D""]"
,MechWarrior 5: Clans,10/16/2024,$49.99,"108,817.00","$4,706,164.00",25.2,Indie,Piranha Games Inc.,Piranha Games Inc.,3719,75%,22466,FALSE,2000890,"[""Action"",""Simulation"",""Shooter"",""FPS"",""Mechs"",""3D"",""First-Person"",""Immersive Sim"",""Realistic"",""Futuristic"",""Military"",""Sci-fi"",""War"",""Linear"",""Character Customization"",""PvE"",""Co-op"",""Multiplayer"",""Online Co-Op"",""Singleplayer""]"
, Life is Strange: Double Exposure,10/29/2024,$49.99,"107,112.00","$4,667,301.00",12.3,AA,Square Enix,Deck Nine Games,4772,69%,25799,FALSE,1874000,"[""Choices Matter"",""LGBTQ+"",""Female Protagonist"",""Story Rich"",""Choose Your Own Adventure"",""Romance"",""Third Person"",""Action"",""Emotional"",""Drama"",""Mystery"",""Atmospheric"",""Stylized"",""Adventure"",""Cinematic"",""Supernatural"",""Singleplayer"",""Narrative"",""Multiple Endings"",""Great Soundtrack""]"
,Luma Island,11/20/2024,$19.99,"347,482.00","$4,621,703.00",31.5,Indie,Feel Free Games,Feel Free Games,6786,83%,13785,FALSE,2408820,"[""RPG"",""Co-op"",""Mining"",""Farming Sim"",""Adventure"",""Simulation"",""Crafting"",""Fishing"",""Agriculture"",""Exploration"",""Creature Collector"",""Casual"",""Multiplayer"",""Open World"",""Online Co-Op"",""Singleplayer"",""Character Customization"",""Cute"",""Building"",""Farming""]"
,The Hungry Lamb: Traveling in the Late Ming Dynasty,4/22/2024,$9.99,"751,640.00","$4,608,514.00",5.4,Indie,"ZerocreationGame,2P Games",髮ｶ蛻帶ｸｸ謌・ZerocreationGame),39813,96%,45155,FALSE,2593370,"[""Visual Novel"",""Historical"",""Multiple Endings"",""Interactive Fiction"",""Cooking"",""Story Rich"",""Dating Sim"",""Dark"",""Adventure"",""Anime"",""Cute"",""Word Game"",""Drama"",""Romance"",""RPG"",""Psychological Horror"",""Singleplayer"",""Mystery"",""Casual"",""Medieval""]"
,WEBFISHING,10/11/2024,$4.99,"971,219.00","$4,607,528.00",13.8,Indie,lamedeveloper,lamedeveloper,47554,98%,13796,FALSE,3146520,"[""Fishing"",""Multiplayer"",""Casual"",""Cute"",""Character Customization"",""Creature Collector"",""Indie"",""Psychological Horror"",""Online Co-Op"",""LGBTQ+"",""3D"",""Collectathon"",""Stylized"",""Cartoon"",""Colorful"",""Third Person"",""Singleplayer"",""Co-op"",""Nonlinear"",""Sandbox""]"
,Windblown,10/24/2024,$24.99,"237,961.00","$4,308,393.00",9.8,AA,"Motion Twin,Kepler Ghost",Motion Twin,6147,90%,44488,TRUE,1911610,"[""Early Access"",""Action Roguelike"",""Action"",""Indie"",""Hack and Slash"",""Souls-like"",""Roguelike"",""Isometric"",""Difficult"",""Fast-Paced"",""Replay Value"",""Roguelite"",""Roguevania"",""Top-Down"",""Multiplayer"",""Perma Death"",""Dungeon Crawler"",""Character Customization"",""Team-Based"",""Exploration""]"
,F1 Manager 2024,7/23/2024,$34.99,"142,581.00","$4,262,603.00",62.1,AA,Frontier Developments,Frontier Developments,2504,74%,8273,FALSE,2591280,"[""Simulation"",""Strategy"",""Racing"",""Automobile Sim"",""Immersive Sim"",""Time Management"",""Realistic"",""3D"",""Management"",""Driving"",""Sports"",""Economy"",""Family Friendly"",""Tactical"",""Base Building"",""Choices Matter"",""PvE"",""Resource Management"",""Team-Based"",""Time Manipulation""]"
,Kingdom Rush 5: Alliance TD,7/25/2024,$19.99,"294,132.00","$4,052,779.00",18.5,Indie,Ironhide Game Studio,Ironhide Game Studio,6799,87%,19026,FALSE,2849080,"[""Strategy"",""Tower Defense"",""2D"",""Cartoon"",""Cartoony"",""Singleplayer"",""Fantasy"",""Dragons"",""Building"",""Funny"",""Medieval"",""Indie"",""Action"",""Adventure"",""Comedy"",""Magic"",""Dark""]"
,Banishers: Ghosts of New Eden,2/12/2024,$49.99,"109,683.00","$4,047,969.00",32.7,AAA,Focus Entertainment,DON'T NOD,3749,85%,51013,FALSE,1493640,"[""Narration"",""Lore-Rich"",""Third Person"",""Emotional"",""Atmospheric"",""Action RPG"",""Exploration"",""RPG"",""Action-Adventure"",""Choices Matter"",""Horror"",""Story Rich"",""Action"",""Dark Fantasy"",""Fantasy"",""Adventure"",""Vampire"",""Cinematic"",""Supernatural"",""Singleplayer""]"
,ASKA,6/20/2024,$24.99,"204,283.00","$4,043,664.00",69.5,Indie,Thunderful Publishing,Sand Sailor Studio,4737,78%,79239,TRUE,1898300,"[""Early Access"",""Online Co-Op"",""Multiplayer"",""Crafting"",""Singleplayer"",""Base Building"",""Colony Sim"",""Sandbox"",""Character Customization"",""Survival"",""Open World Survival Craft"",""Building"",""Exploration"",""Dark Fantasy"",""Action RPG"",""Co-op"",""Resource Management"",""Action-Adventure"",""Adventure"",""Third Person""]"
,Assassin's Creed Mirage,10/17/2024,$49.99,"181,446.00","$4,019,964.00",23,AAA,Ubisoft,Ubisoft Bordeaux,4496,75%,17421,FALSE,3035570,"[""Action"",""Open World"",""Adventure"",""Assassin"",""Action-Adventure"",""Parkour"",""RPG"",""Singleplayer"",""Historical"",""Third Person"",""Action RPG"",""Stealth"",""Violent"",""Story Rich"",""Atmospheric"",""Politics"",""Psychological Horror"",""Multiplayer"",""Multiplayer""]"
,The Crew Motorfest,4/18/2024,$69.99,"156,806.00","$3,981,054.00",27,AAA,Ubisoft,Ubisoft Ivory Tower,5093,76%,10883,FALSE,2698940,"[""Racing"",""Arcade"",""Open World"",""Multiplayer"",""Driving"",""Sandbox"",""Sports"",""PvP"",""Singleplayer"",""Online Co-Op"",""Co-op"",""3D"",""Motorbike"",""VR""]"
,Eiyuden Chronicle: Hundred Heroes,4/23/2024,$49.99,"94,795.00","$3,945,556.00",47.4,AA,505 Games,Rabbit & Bear Studios,2402,78%,30371,FALSE,1658280,"[""RPG"",""JRPG"",""2.5D"",""Turn-Based Combat"",""Story Rich"",""Singleplayer"",""Adventure"",""Combat"",""Indie"",""Action-Adventure"",""Strategy"",""Action RPG"",""Crafting"",""Anime"",""Political"",""Party-Based RPG"",""Action"",""Turn-Based"",""Female Protagonist"",""LGBTQ+""]"
,Men of War II,5/15/2024,$44.99,"111,020.00","$3,935,711.00",31.2,Indie,Fulqrum Publishing,Best Way,4371,63%,48684,FALSE,1128860,"[""Multiplayer"",""Co-op"",""World War II"",""RTS"",""Singleplayer"",""Strategy"",""Real Time Tactics"",""Online Co-Op"",""Wargame"",""Realistic"",""Moddable"",""Historical"",""Level Editor"",""Action"",""Military"",""Tanks"",""Tactical"",""3D"",""PvP"",""Top-Down""]"
,Drug Dealer Simulator 2,6/20/2024,$24.99,"180,104.00","$3,934,044.00",40.1,Indie,Movie Games S.A.,Byterunners,4214,71%,26199,FALSE,1708850,"[""Open World"",""Multiplayer"",""Simulation"",""Singleplayer"",""Crime"",""Action"",""First-Person"",""RPG"",""Inventory Management"",""Sandbox"",""Atmospheric"",""Mature"",""Adventure"",""Resource Management"",""Crafting"",""Co-op Campaign"",""Management"",""3D"",""Realistic"",""Trading""]"
,SMITE 2,8/27/2024,$29.99,"150,942.00","$3,920,494.00",28.7,AA,Hi-Rez Studios,Titan Forge Games,3159,60%,52646,TRUE,2437170,"[""Early Access"",""Action"",""MOBA"",""Third Person"",""Strategy"",""Adventure"",""Casual"",""Mythology"",""RPG"",""Competitive"",""Massively Multiplayer"",""Team-Based"",""PvP"",""Multiplayer"",""God Game"",""MMORPG"",""Co-op"",""Online Co-Op"",""Combat"",""Action-Adventure""]"
,Visions of Mana,8/29/2024,$59.99,"73,299.00","$3,861,598.00",19.7,AA,Square Enix,Square Enix,1626,79%,31603,FALSE,2490990,"[""RPG"",""JRPG"",""Party-Based RPG"",""Action RPG"",""3D"",""Cute"",""Action"",""Lore-Rich"",""Story Rich"",""Colorful"",""Fantasy"",""Anime"",""Magic"",""Class-Based"",""Atmospheric"",""Adventure"",""Singleplayer"",""Old School"",""Open World"",""Character Customization""]"
,Tomb Raider I-III Remastered Starring Lara Croft,2/13/2024,$29.99,"175,889.00","$3,844,250.00",25.3,Indie,Aspyr,"Aspyr,Crystal Dynamics",5129,89%,27944,FALSE,2478970,"[""Action"",""Action-Adventure"",""Female Protagonist"",""Old School"",""Exploration"",""3D"",""Singleplayer"",""Adventure"",""Puzzle"",""Controller"",""Classic"",""Atmospheric"",""Violent"",""Platformer"",""Remake"",""Great Soundtrack"",""Difficult"",""Story Rich"",""Horror"",""Mature""]"
,Expeditions: A MudRunner Game,3/5/2024,$39.99,"111,139.00","$3,752,267.00",21.6,AAA,Focus Entertainment,Saber Interactive,2077,56%,37544,FALSE,2477340,"[""Moddable"",""Nature"",""Singleplayer"",""Exploration"",""Driving"",""Multiplayer"",""Racing"",""Building"",""Transportation"",""Offroad"",""Science"",""Automobile Sim"",""Physics"",""Open World"",""Base Building"",""Simulation"",""Realistic"",""Character Customization"",""Adventure"",""Atmospheric""]"
,SWORD ART ONLINE Fractured Daydream,10/3/2024,$59.99,"70,088.00","$3,730,231.00",39.1,AAA,Bandai Namco Entertainment,Dimps Corporation,1741,67%,28380,FALSE,1858630,"[""Action"",""RPG"",""Multiplayer"",""Action RPG"",""Anime"",""Casual"",""Online Co-Op"",""Singleplayer"",""Hack and Slash"",""Third-Person Shooter"",""3D"",""Fantasy"",""Swordplay"",""Magic"",""Story Rich"",""PvE"",""Character Customization"",""MMORPG"",""JRPG"",""Co-op""]"
,Millennia,3/26/2024,$39.99,"104,793.00","$3,540,194.00",47.6,AAA,Paradox Interactive,C Prompt Games,2679,69%,39198,FALSE,1268590,"[""Strategy"",""Turn-Based Strategy"",""4X"",""Grand Strategy"",""Alternate History"",""Simulation"",""Historical"",""Turn-Based"",""War"",""Economy"",""Singleplayer"",""Diplomacy"",""Tactical"",""Military"",""Replay Value"",""Political"",""Management"",""Hex Grid"",""Turn-Based Combat"",""Multiplayer""]"
,Dead Rising Deluxe Remaster,9/18/2024,$49.99,"71,914.00","$3,405,937.00",15.8,AAA,"CAPCOM Co., Ltd.","CAPCOM Co., Ltd.",2345,82%,17498,FALSE,2527390,"[""Action"",""Adventure"",""Zombies"",""Action-Adventure"",""Sandbox"",""Survival"",""Spectacle fighter"",""Horror"",""Dark"",""Dark Comedy"",""Time Management"",""Singleplayer"",""Sci-fi"",""Third Person"",""Gore"",""Cinematic"",""LGBTQ+"",""Cute"",""Multiple Endings"",""Funny""]"
,The Casting of Frank Stone,9/3/2024,$39.99,"92,701.00","$3,357,844.00",4.9,AA,Behaviour Interactive Inc.,Supermassive Games,3582,63%,21257,FALSE,2223840,"[""Choices Matter"",""Multiple Endings"",""Horror"",""Singleplayer"",""Story Rich"",""Adventure"",""Atmospheric"",""Psychological Horror"",""Choose Your Own Adventure"",""Cinematic"",""Lore-Rich"",""Interactive Fiction"",""Dark"",""Lovecraftian"",""Mystery"",""Exploration"",""Thriller"",""Supernatural"",""Investigation"",""Crime""]"
,Goat Simulator 3,2/15/2024,$29.99,"243,064.00","$3,156,199.00",20.5,AA,Coffee Stain Publishing,Coffee Stain North,7646,97%,19178,FALSE,850190,"[""Exploration"",""Physics"",""Sandbox"",""Open World"",""Character Customization"",""Simulation"",""3D"",""Casual"",""Action-Adventure"",""Comedy"",""Cartoony"",""Colorful"",""Adventure"",""Family Friendly"",""Co-op"",""Multiplayer"",""Local Co-Op"",""Online Co-Op"",""Singleplayer"",""Local Multiplayer""]"
,Horizon Zero Dawn Remastered,10/31/2024,$49.99,"64,860.00","$2,974,289.00",23,AAA,PlayStation Publishing LLC,"Guerrilla Games,Nixxes Software",2263,77%,4394,FALSE,2561580,"[""Action-Adventure"",""Female Protagonist"",""Third Person"",""Open World"",""Mechs"",""Post-apocalyptic"",""Action"",""Story Rich"",""Sci-fi"",""Stealth"",""Artificial Intelligence"",""Emotional"",""Nature"",""Adventure"",""Crafting"",""Futuristic"",""Combat"",""Singleplayer"",""RPG"",""LGBTQ+""]"
,Test Drive Unlimited Solar Crown,9/12/2024,$49.99,"66,269.00","$2,945,088.00",16.4,AA,Nacon,KT Racing,4304,36%,60219,FALSE,1249970,"[""Racing"",""Open World"",""Driving"",""Exploration"",""Multiplayer"",""Realistic"",""Beautiful"",""3D"",""Modern"",""First-Person"",""Simulation"",""Third Person"",""Automobile Sim"",""Massively Multiplayer"",""Singleplayer"",""Stylized"",""Arcade"",""Gambling"",""Online Co-Op"",""Character Customization""]"
,Rotwood,4/24/2024,$19.99,"375,982.00","$2,938,439.00",23.2,AA,Klei Entertainment,Klei Entertainment,6625,74%,42837,TRUE,2015270,"[""Early Access"",""Online Co-Op"",""Dungeon Crawler"",""Action Roguelike"",""PvE"",""Hack and Slash"",""Co-op"",""Action-Adventure"",""Roguelite"",""Multiplayer"",""Exploration"",""RPG"",""Action"",""Singleplayer"",""Beat 'em up"",""Adventure"",""Replay Value"",""Action RPG"",""Medieval"",""2D""]"
,New Cycle,1/18/2024,$29.99,"126,095.00","$2,854,875.00",14.3,AA,Daedalic Entertainment,Core Engage,1852,79%,60594,TRUE,2198510,"[""City Builder"",""Strategy"",""Survival"",""Building"",""Colony Sim"",""Realistic"",""Simulation"",""Post-apocalyptic"",""Base Building"",""Top-Down"",""Resource Management"",""Early Access"",""Singleplayer"",""Sci-fi"",""3D"",""Real-Time with Pause"",""Management"",""Exploration"",""Replay Value"",""Difficult""]"
,Enlisted,3/28/2024,$0.00,"1,124,644.00","$2,783,491.00",24.8,AA,Gaijin Network Ltd,Darkflow Software,18929,80%,27220,FALSE,2051620,"[""FPS"",""World War II"",""Multiplayer"",""Shooter"",""Vehicular Combat"",""PvP"",""First-Person"",""Team-Based"",""Action"",""3D"",""Realistic"",""War"",""Free to Play"",""Simulation"",""Co-op"",""Massively Multiplayer"",""Online Co-Op"",""Gore"",""PvE"",""Singleplayer""]"
,Terminator: Dark Fate - Defiance,2/21/2024,$39.99,"83,094.00","$2,773,251.00",23.7,AA,Slitherine Ltd.,Slitherine Ltd.,2255,81%,23799,FALSE,1839950,"[""Strategy"",""Real Time Tactics"",""RTS"",""Wargame"",""Atmospheric"",""3D"",""Alternate History"",""Artificial Intelligence"",""Conspiracy"",""Dark"",""Destruction"",""Drama"",""Futuristic"",""Dystopian"",""Emotional"",""Horror"",""Lore-Rich"",""Management"",""Military"",""Mechs""]"
,Until Dawn,10/4/2024,$59.99,"50,888.00","$2,747,494.00",7.9,AAA,PlayStation Publishing LLC,Ballistic Moon,1531,80%,25490,FALSE,2172010,"[""Horror"",""Choices Matter"",""Adventure"",""Singleplayer"",""Choose Your Own Adventure"",""Exploration"",""Multiple Endings"",""Atmospheric"",""Interactive Fiction"",""Perma Death"",""Story Rich"",""Third Person"",""Drama"",""Mystery"",""Cinematic"",""Emotional"",""Dark"",""Quick-Time Events"",""Gore"",""Remake""]"
,Taxi Life: A City Driving Simulator,3/7/2024,$29.99,"113,905.00","$2,715,256.00",7.1,AA,Nacon,Simteract,2249,59%,21999,FALSE,1351240,"[""Driving"",""Simulation"",""Open World"",""Singleplayer"",""Automobile Sim"",""Realistic"",""First-Person"",""Exploration"",""Relaxing"",""Atmospheric"",""Immersive Sim"",""Management"",""Transportation"",""Physics"",""Third Person"",""Casual"",""3D"",""Controller"",""Sandbox"",""Life Sim""]"
,MARVEL vs. CAPCOM Fighting Collection: Arcade Classics,9/11/2024,$49.99,"59,053.00","$2,615,543.00",23.5,AAA,"CAPCOM Co., Ltd.","CAPCOM Co., Ltd.",1474,93%,19242,FALSE,2634890,"[""Action"",""2D Fighter"",""Multiplayer"",""Beat 'em up"",""Singleplayer"",""Comic Book"",""Pixel Graphics"",""Superhero"",""Retro"",""1990's"",""Fighting"",""Online Co-Op"",""Local Multiplayer"",""Arcade"",""Score Attack"",""Local Co-Op"",""Classic"",""Co-op"",""Great Soundtrack""]"
,Star Wars Outlaws,11/21/2024,$69.99,"55,937.00","$2,584,959.00",19.9,AAA,Ubisoft,Massive Entertainment 窶・A Ubisoft Studio,1920,76%,5204,FALSE,2842040,"[""Singleplayer"",""Action"",""Open World"",""Adventure"",""Action-Adventure"",""Third Person"",""Shooter"",""Third-Person Shooter"",""Sci-fi"",""Space"",""Story Rich"",""Exploration"",""Parkour"",""RPG"",""Atmospheric"",""Female Protagonist"",""Soundtrack"",""Choices Matter"",""Heist"",""Minigames""]"
,Avatar: Frontiers of Pandora,6/17/2024,$69.99,"68,671.00","$2,514,896.00",38.2,AAA,Ubisoft,Massive Entertainment 窶・A Ubisoft Studio,1999,66%,18547,FALSE,2840770,"[""Action"",""Adventure"",""Open World"",""Exploration"",""Shooter"",""First-Person"",""Online Co-Op"",""Atmospheric"",""Sci-fi"",""3D"",""Immersive Sim"",""Character Customization"",""Singleplayer"",""Story Rich"",""Multiplayer"",""Female Protagonist"",""Nudity"",""RPG"",""VR"",""Controller""]"
,SOUTH PARK: SNOW DAY!,3/26/2024,$29.99,"99,520.00","$2,473,835.00",4.9,AA,THQ Nordic,Question,2658,51%,17798,FALSE,1214650,"[""Action"",""Adventure"",""Action RPG"",""Hack and Slash"",""Action-Adventure"",""Cartoon"",""Cartoony"",""Third Person"",""Comedy"",""Dark Comedy"",""Dark Humor"",""Fantasy"",""Funny"",""Magic"",""Memes"",""Mystery"",""Parody"",""Satire"",""Combat"",""Controller""]"
,Alone in the Dark,3/20/2024,$39.99,"63,038.00","$2,465,177.00",9.8,AA,THQ Nordic,Pieces Interactive,1820,78%,30350,FALSE,1310410,"[""Psychological Horror"",""Lovecraftian"",""Horror"",""Action"",""Adventure"",""Noir"",""Cinematic"",""Dark"",""Third Person"",""Realistic"",""Detective"",""Female Protagonist"",""Mystery"",""Psychological"",""Supernatural"",""Survival Horror"",""Surreal"",""Thriller"",""Combat"",""Narration""]"
,FOUNDRY,5/2/2024,$29.99,"89,046.00","$2,430,433.00",63,AAA,Paradox Interactive,Channel 3 Entertainment,1733,82%,40430,TRUE,983870,"[""Early Access"",""Automation"",""Base Building"",""Sandbox"",""Resource Management"",""Building"",""Crafting"",""Open World"",""Robots"",""Voxel"",""Co-op"",""Procedural Generation"",""Multiplayer"",""Online Co-Op"",""Simulation"",""First-Person"",""Strategy"",""Singleplayer"",""Sci-fi"",""Moddable""]"
,Feed the Cups,2/20/2024,$15.99,"211,128.00","$2,348,130.00",61.1,AA,IndieArk,Vambear Games,2220,89%,12672,TRUE,2336220,"[""Early Access"",""Cute"",""Simulation"",""Cooking"",""Crafting"",""Online Co-Op"",""2D"",""Management"",""Multiplayer"",""Co-op"",""Local Co-Op"",""Singleplayer"",""Roguelite"",""Immersive Sim"",""Local Multiplayer"",""Action Roguelike"",""Action"",""Funny"",""Job Simulator"",""Cartoon""]"
,UNDER NIGHT IN-BIRTH II Sys:Celes,1/24/2024,$49.99,"60,622.00","$2,334,254.00",44.4,AA,Arc System Works,"FRENCH-BREAD,Arc System Works",1438,84%,6396,FALSE,2076010,"[""Action"",""2D Fighter"",""Arcade"",""Anime"",""2D"",""Spectacle fighter"",""Pixel Graphics"",""PvP"",""Multiplayer"",""Comic Book"",""Local Multiplayer"",""Drama"",""Fighting"",""Singleplayer"",""Great Soundtrack""]"
,The Thaumaturge,3/4/2024,$34.99,"95,910.00","$2,322,654.00",12.2,AA,11 bit studios,Fool's Theory,2474,82%,55656,FALSE,1684350,"[""Choices Matter"",""RPG"",""Turn-Based Combat"",""Demons"",""Story Rich"",""Dark"",""Detective"",""Isometric"",""Magic"",""Mystery"",""Psychological"",""Singleplayer"",""Combat"",""Lore-Rich"",""Adventure"",""Exploration"",""Dark Fantasy"",""Fantasy"",""Creature Collector"",""Atmospheric""]"
,Cataclismo,7/22/2024,$29.99,"108,613.00","$2,318,782.00",17.4,AA,Hooded Horse,Digital Sun,2523,92%,54191,TRUE,1422440,"[""Strategy"",""Simulation"",""Base Building"",""Grand Strategy"",""City Builder"",""Building"",""Management"",""Sandbox"",""Historical"",""Moddable"",""4X"",""RTS"",""Resource Management"",""Open World"",""Singleplayer"",""Economy"",""Colony Sim"",""Early Access"",""Real-Time with Pause"",""Replay Value""]"
,Ace Attorney Investigations Collection,9/5/2024,$39.99,"70,733.00","$2,308,867.00",21.4,AAA,"CAPCOM Co., Ltd.","CAPCOM Co., Ltd.",1643,97%,12909,FALSE,2401970,"[""Adventure"",""Investigation"",""Mystery"",""Crime"",""Visual Novel"",""2D"",""Story Rich"",""Detective"",""Pixel Graphics"",""Text-Based"",""Singleplayer"",""Choose Your Own Adventure"",""Great Soundtrack"",""Anime"",""Funny"",""Point & Click"",""Puzzle"",""LGBTQ+"",""Comedy"",""Sexual Content""]"
,Jujutsu Kaisen Cursed Clash,2/1/2024,$59.99,"43,760.00","$2,227,451.00",27.1,AA,Bandai Namco Entertainment Inc.,Byking Inc.,2497,58%,16157,FALSE,1877020,"[""Action"",""Anime"",""3D Fighter"",""3D"",""Multiplayer"",""Online Co-Op"",""PvP"",""3D Platformer"",""PvE"",""Co-op"",""Singleplayer"",""Gore"",""Violent"",""Fighting"",""Psychological Horror"",""Sexual Content"",""Hentai"",""Dating Sim"",""Souls-like"",""Souls-like""]"
,Ara: History Untold,9/24/2024,$59.99,"41,507.00","$2,176,442.00",41.2,AAA,Xbox Game Studios,Oxide Games,1504,67%,33770,FALSE,2021880,"[""Strategy"",""4X"",""Grand Strategy"",""Alternate History"",""Historical"",""Singleplayer"",""Resource Management"",""Turn-Based Tactics"",""Diplomacy"",""Management"",""Military"",""Tutorial"",""3D"",""Top-Down"",""Multiplayer"",""City Builder"",""Turn-Based Strategy"",""Turn-Based"",""Villain Protagonist"",""LGBTQ+""]"
,Harry Potter: Quidditch Champions,9/3/2024,$29.99,"79,380.00","$1,936,237.00",14.5,AAA,Warner Bros. Games,Unbroken Studios,2153,77%,15040,FALSE,2878600,"[""Sports"",""Action"",""Flight"",""Arcade"",""Third Person"",""Magic"",""PvP"",""Supernatural"",""Character Customization"",""PvE"",""Team-Based"",""Multiplayer"",""Co-op"",""Online Co-Op"",""Singleplayer"",""Fantasy"",""Competitive"",""LGBTQ+"",""Villain Protagonist"",""Psychological Horror""]"
,Kunitsu-Gami: Path of the Goddess,7/18/2024,$49.99,"38,783.00","$1,633,123.00",22.3,AAA,"CAPCOM Co., Ltd.","CAPCOM Co., Ltd.",1321,91%,21796,FALSE,2510710,"[""Action"",""Strategy"",""Tower Defense"",""3D"",""Mythology"",""Lore-Rich"",""Supernatural"",""Singleplayer"",""Hack and Slash"",""Souls-like""]"
,Prince of Persia The Lost Crown,8/8/2024,$39.99,"70,362.00","$1,566,284.00",23.3,AAA,Ubisoft,Ubisoft Montpellier,2104,84%,9240,FALSE,2751000,"[""Metroidvania"",""Exploration"",""2D Platformer"",""Action"",""Precision Platformer"",""Side Scroller"",""Adventure"",""Action-Adventure"",""Action RPG"",""Controller"",""Colorful"",""Stylized"",""Singleplayer"",""Atmospheric"",""Combat"",""Hack and Slash"",""LGBTQ+"",""Great Soundtrack"",""Political"",""Politics""]"
,Command & Conquer Red Alert 2 and Yuri Revenge,3/7/2024,$0.00,"317,471.00","$1,173,213.00",30.5,AAA,Electronic Arts,EA Los Angeles,6928,93%,12632,FALSE,2229850,"[""Action"",""Strategy"",""RTS"",""Singleplayer"",""Multiplayer"",""RPG"",""Classic"",""Base Building"",""Retro"",""Great Soundtrack"",""Sci-fi""]"
,Command & Conquer Generals Zero Hour,3/7/2024,$0.00,"252,478.00","$1,144,523.00",47.4,AAA,Electronic Arts,EA Los Angeles,2988,90%,6108,FALSE,2732960,"[""Strategy"",""Action"",""Multiplayer"",""RTS"",""Singleplayer"",""RPG"",""Co-op"",""Base Building"",""Classic"",""War"",""FPS""]"
,Command & Conquer Generals,3/7/2024,$0.00,"186,651.00","$1,140,935.00",11.8,AAA,Electronic Arts,EA Los Angeles,1196,87%,4644,FALSE,2229870,"[""Strategy"",""Action"",""Singleplayer"",""Multiplayer"",""RTS"",""Action RPG"",""RPG"",""Base Building""]"